Year,US_Retail_Sales_Million_USD,ASP_USD,Units_Million
2015,106.3,80.0,1.3287499999999999
2016,212.6,80.0,2.6574999999999998
2017,265.8,80.0,3.3225000000000002
2018,332.2,77.63,4.2792734767486795
2019,412.1,78.46,5.252357889370381
